Data_Ref,Cod_Marca,Descri_Marca,Cod_Loja,Descr_Loja,Matricula ,Data_Admiss ,Data_Demiss,Cod_Cargo ,Descri_Cargo ,VENDAS R$
set.-25,10,PRETO,9,LOJA-9,MATRIC-227,10/18/2010,,150,GERENTE DE LOJA,#ERROR!
set.-25,10,PRETO,16,LOJA-16,MATRIC-139,4/1/2011,,150,GERENTE DE LOJA,#ERROR!
set.-25,10,PRETO,6,LOJA-6,MATRIC-400,4/1/2011,,150,GERENTE DE LOJA,#ERROR!
set.-25,10,PRETO,16,LOJA-16,MATRIC-122,10/1/2011,,100,VENDEDOR LOJA,#ERROR!
set.-25,10,PRETO,13,LOJA-13,MATRIC-387,1/2/2012,,100,VENDEDOR LOJA,#ERROR!
set.-25,40,VERMELHO,36,LOJA-36,MATRIC-78,6/14/2013,,200,VENDEDOR BALCAO,#ERROR!
set.-25,10,PRETO,35,LOJA-35,MATRIC-10,8/8/2013,,150,GERENTE QUIOSQUE,#ERROR!
set.-25,10,PRETO,25,LOJA-25,MATRIC-356,9/23/2013,,150,GERENTE DE LOJA,#ERROR!
set.-25,10,PRETO,2,LOJA-2,MATRIC-405,11/1/2013,,150,GERENTE DE LOJA,#ERROR!
set.-25,10,PRETO,14,LOJA-14,MATRIC-151,1/6/2014,,150,GERENTE DE LOJA,#ERROR!
set.-25,20,BRANCO,40,LOJA-40,MATRIC-298,4/9/2014,,150,GERENTE DE LOJA,#ERROR!
set.-25,10,PRETO,50,LOJA-50,MATRIC-123,6/16/2014,,100,VENDEDOR LOJA,#ERROR!
set.-25,10,PRETO,17,LOJA-17,MATRIC-170,7/10/2014,,150,GERENTE DE LOJA,#ERROR!
set.-25,10,PRETO,10,LOJA-10,MATRIC-384,7/10/2014,,150,GERENTE DE LOJA,#ERROR!
set.-25,10,PRETO,9,LOJA-9,MATRIC-299,8/4/2014,,100,VENDEDOR LOJA,#ERROR!
set.-25,10,PRETO,26,LOJA-26,MATRIC-124,9/1/2014,,150,GERENTE DE LOJA,#ERROR!
set.-25,10,PRETO,4,LOJA-4,MATRIC-413,9/5/2014,,100,VENDEDOR LOJA,#ERROR!
set.-25,10,PRETO,9,LOJA-9,MATRIC-251,9/12/2014,,100,VENDEDOR LOJA,#ERROR!
set.-25,10,PRETO,19,LOJA-19,MATRIC-407,9/17/2014,,100,VENDEDOR LOJA,#ERROR!
set.-25,10,PRETO,26,LOJA-26,MATRIC-51,10/8/2014,,100,VENDEDOR LOJA,#ERROR!
set.-25,10,PRETO,32,LOJA-32,MATRIC-572,12/1/2014,,150,GERENTE DE LOJA,#ERROR!
set.-25,10,PRETO,35,LOJA-35,MATRIC-47,1/9/2015,,100,VENDEDOR LOJA,#ERROR!
set.-25,10,PRETO,3,LOJA-3,MATRIC-386,2/12/2015,,150,GERENTE DE LOJA,#ERROR!
set.-25,10,PRETO,63,LOJA-63,MATRIC-185,4/14/2015,,150,GERENTE DE LOJA,#ERROR!
set.-25,40,VERMELHO,36,LOJA-36,MATRIC-2,5/4/2015,,200,VENDEDOR BALCAO,#ERROR!
set.-25,10,PRETO,7,LOJA-7,MATRIC-80,9/17/2015,,100,VENDEDOR LOJA,#ERROR!
set.-25,10,PRETO,25,LOJA-25,MATRIC-359,9/25/2015,,100,VENDEDOR LOJA,#ERROR!
set.-25,10,PRETO,14,LOJA-14,MATRIC-200,7/13/2016,,100,VENDEDOR LOJA,#ERROR!
set.-25,10,PRETO,31,LOJA-31,MATRIC-84,8/8/2016,,100,VENDEDOR LOJA,#ERROR!
set.-25,10,PRETO,45,LOJA-45,MATRIC-194,9/19/2016,,150,GERENTE DE LOJA,#ERROR!
set.-25,10,PRETO,44,LOJA-44,MATRIC-95,10/3/2016,,100,VENDEDOR LOJA,#ERROR!
set.-25,10,PRETO,25,LOJA-25,MATRIC-355,11/8/2016,,100,VENDEDOR LOJA,#ERROR!
set.-25,10,PRETO,48,LOJA-48,MATRIC-404,5/8/2017,,150,GERENTE DE LOJA,#ERROR!
set.-25,10,PRETO,45,LOJA-45,MATRIC-394,6/12/2017,,100,VENDEDOR LOJA,#ERROR!
set.-25,10,PRETO,22,LOJA-22,MATRIC-484,7/10/2017,,100,VENDEDOR LOJA,#ERROR!
set.-25,10,PRETO,35,LOJA-35,MATRIC-607,8/2/2017,9/22/2025,100,VENDEDOR LOJA,#ERROR!
set.-25,20,BRANCO,40,LOJA-40,MATRIC-246,11/1/2017,,200,VENDEDOR BALCAO,#ERROR!
set.-25,20,BRANCO,40,LOJA-40,MATRIC-246,11/1/2017,,200,VENDEDOR BALCAO,#ERROR!
set.-25,60,CINZA,39,LOJA-39,MATRIC-183,11/9/2017,,150,GERENTE DE LOJA,#ERROR!
set.-25,10,PRETO,19,LOJA-19,MATRIC-455,11/15/2017,,100,VENDEDOR LOJA,#ERROR!
set.-25,10,PRETO,30,LOJA-30,MATRIC-117,11/16/2017,,150,GERENTE DE LOJA,#ERROR!
set.-25,10,PRETO,29,LOJA-29,MATRIC-242,11/16/2017,,100,VENDEDOR LOJA,#ERROR!
set.-25,10,PRETO,34,LOJA-34,MATRIC-152,4/19/2018,,150,GERENTE DE LOJA,#ERROR!
set.-25,10,PRETO,11,LOJA-11,MATRIC-266,7/2/2018,,150,GERENTE DE LOJA,#ERROR!
set.-25,10,PRETO,4,LOJA-4,MATRIC-329,7/23/2018,,100,VENDEDOR LOJA,#ERROR!
set.-25,10,PRETO,16,LOJA-16,MATRIC-307,7/26/2018,,100,VENDEDOR LOJA,#ERROR!
set.-25,10,PRETO,27,LOJA-27,MATRIC-29,8/24/2018,,100,VENDEDOR LOJA,#ERROR!
set.-25,10,PRETO,22,LOJA-22,MATRIC-481,10/2/2018,,100,VENDEDOR LOJA,#ERROR!
set.-25,10,PRETO,29,LOJA-29,MATRIC-260,12/5/2018,,150,GERENTE DE LOJA,#ERROR!
set.-25,10,PRETO,7,LOJA-7,MATRIC-8,1/7/2019,,100,VENDEDOR LOJA,#ERROR!
set.-25,10,PRETO,17,LOJA-17,MATRIC-212,1/14/2019,,100,VENDEDOR LOJA,#ERROR!
set.-25,10,PRETO,32,LOJA-32,MATRIC-588,5/6/2019,,100,VENDEDOR LOJA,#ERROR!
set.-25,10,PRETO,37,LOJA-37,MATRIC-442,6/17/2019,,150,GERENTE DE LOJA,#ERROR!
set.-25,10,PRETO,22,LOJA-22,MATRIC-368,7/15/2019,,100,VENDEDOR LOJA,#ERROR!
set.-25,10,PRETO,8,LOJA-8,MATRIC-269,9/6/2019,,100,VENDEDOR LOJA,#ERROR!
set.-25,20,BRANCO,79,LOJA-79,MATRIC-61,10/25/2019,,150,GERENTE QUIOSQUE,#ERROR!
set.-25,10,PRETO,13,LOJA-13,MATRIC-505,2/5/2020,,100,VENDEDOR LOJA,#ERROR!
set.-25,10,PRETO,4,LOJA-4,MATRIC-176,10/16/2020,,100,VENDEDOR LOJA,#ERROR!
set.-25,10,PRETO,7,LOJA-7,MATRIC-110,1/5/2021,,100,VENDEDOR LOJA,#ERROR!
set.-25,10,PRETO,32,LOJA-32,MATRIC-555,5/17/2021,,100,VENDEDOR LOJA,#ERROR!
set.-25,10,PRETO,53,LOJA-53,MATRIC-179,6/7/2021,,150,GERENTE QUIOSQUE,#ERROR!
set.-25,10,PRETO,8,LOJA-8,MATRIC-319,6/7/2021,,100,VENDEDOR LOJA,#ERROR!
set.-25,10,PRETO,14,LOJA-14,MATRIC-198,8/1/2021,,100,VENDEDOR LOJA,#ERROR!
set.-25,10,PRETO,50,LOJA-50,MATRIC-241,8/5/2021,,100,VENDEDOR LOJA,#ERROR!
set.-25,10,PRETO,18,LOJA-18,MATRIC-518,8/5/2021,,100,VENDEDOR LOJA,#ERROR!
set.-25,10,PRETO,74,LOJA-74,MATRIC-493,8/18/2021,9/12/2025,150,GERENTE QUIOSQUE,#ERROR!
set.-25,10,PRETO,3,LOJA-3,MATRIC-515,9/1/2021,,100,VENDEDOR LOJA,#ERROR!
set.-25,10,PRETO,29,LOJA-29,MATRIC-215,9/2/2021,,100,VENDEDOR LOJA,#ERROR!
set.-25,10,PRETO,6,LOJA-6,MATRIC-473,9/2/2021,,100,VENDEDOR LOJA,#ERROR!
set.-25,10,PRETO,28,LOJA-28,MATRIC-76,9/15/2021,,100,VENDEDOR LOJA,#ERROR!
set.-25,10,PRETO,45,LOJA-45,MATRIC-220,10/11/2021,,100,VENDEDOR LOJA,#ERROR!
set.-25,10,PRETO,37,LOJA-37,MATRIC-460,1/7/2022,,100,VENDEDOR LOJA,#ERROR!
set.-25,20,BRANCO,41,LOJA-41,MATRIC-591,1/10/2022,,200,VENDEDOR BALCAO,#ERROR!
set.-25,10,PRETO,25,LOJA-25,MATRIC-465,1/14/2022,,100,VENDEDOR LOJA,#ERROR!
set.-25,10,PRETO,4,LOJA-4,MATRIC-603,2/11/2022,,150,GERENTE DE LOJA,#ERROR!
set.-25,20,BRANCO,43,LOJA-43,MATRIC-127,2/14/2022,,150,GERENTE DE LOJA,#ERROR!
set.-25,10,PRETO,27,LOJA-27,MATRIC-132,2/14/2022,,100,VENDEDOR LOJA,#ERROR!
set.-25,10,PRETO,18,LOJA-18,MATRIC-411,2/14/2022,,100,VENDEDOR LOJA,#ERROR!
set.-25,10,PRETO,67,LOJA-67,MATRIC-83,2/14/2022,,150,GERENTE DE LOJA,#ERROR!
set.-25,10,PRETO,33,LOJA-33,MATRIC-68,3/1/2022,,100,VENDEDOR LOJA,#ERROR!
set.-25,10,PRETO,37,LOJA-37,MATRIC-410,3/4/2022,,100,VENDEDOR LOJA,#ERROR!
set.-25,30,AZUL,46,LOJA-46,MATRIC-367,3/7/2022,,150,GERENTE DE LOJA,#ERROR!
set.-25,30,AZUL,21,LOJA-21,MATRIC-536,3/7/2022,,300,ASSISTENTE DE VENDAS,#ERROR!
set.-25,10,PRETO,17,LOJA-17,MATRIC-235,4/1/2022,,100,VENDEDOR LOJA,#ERROR!
set.-25,10,PRETO,8,LOJA-8,MATRIC-23,4/20/2022,,100,VENDEDOR LOJA,#ERROR!
set.-25,10,PRETO,9,LOJA-9,MATRIC-301,5/2/2022,,100,VENDEDOR LOJA,#ERROR!
set.-25,40,VERMELHO,5,LOJA-5,MATRIC-4,5/2/2022,,200,VENDEDOR BALCAO,#ERROR!
set.-25,30,AZUL,47,LOJA-47,MATRIC-327,5/9/2022,,150,GERENTE DE LOJA,#ERROR!
set.-25,10,PRETO,13,LOJA-13,MATRIC-490,5/9/2022,,100,VENDEDOR LOJA,#ERROR!
set.-25,40,VERMELHO,36,LOJA-36,MATRIC-190,5/12/2022,,150,GERENTE DE LOJA,#ERROR!
set.-25,60,CINZA,39,LOJA-39,MATRIC-353,6/1/2022,,150,GERENTE DE LOJA,#ERROR!
set.-25,10,PRETO,30,LOJA-30,MATRIC-238,7/1/2022,,100,VENDEDOR LOJA,#ERROR!
set.-25,10,PRETO,52,LOJA-52,MATRIC-258,7/1/2022,,100,VENDEDOR LOJA,#ERROR!
set.-25,10,PRETO,26,LOJA-26,MATRIC-463,7/1/2022,,100,VENDEDOR LOJA,#ERROR!
set.-25,10,PRETO,30,LOJA-30,MATRIC-581,7/1/2022,,100,VENDEDOR LOJA,#ERROR!
set.-25,10,PRETO,28,LOJA-28,MATRIC-589,7/1/2022,,100,VENDEDOR LOJA,#ERROR!
set.-25,20,BRANCO,49,LOJA-49,MATRIC-88,7/1/2022,,150,GERENTE DE LOJA,#ERROR!
set.-25,10,PRETO,17,LOJA-17,MATRIC-203,7/4/2022,,100,VENDEDOR LOJA,#ERROR!
set.-25,30,AZUL,21,LOJA-21,MATRIC-293,7/4/2022,,150,GERENTE DE LOJA,#ERROR!
set.-25,40,VERMELHO,5,LOJA-5,MATRIC-378,7/4/2022,,200,VENDEDOR BALCAO,#ERROR!
set.-25,10,PRETO,33,LOJA-33,MATRIC-38,7/4/2022,,100,VENDEDOR LOJA,#ERROR!
set.-25,40,VERMELHO,5,LOJA-5,MATRIC-420,7/4/2022,,200,VENDEDOR BALCAO,#ERROR!
set.-25,10,PRETO,32,LOJA-32,MATRIC-134,7/8/2022,,100,VENDEDOR LOJA,#ERROR!
set.-25,10,PRETO,16,LOJA-16,MATRIC-277,7/13/2022,,100,VENDEDOR LOJA,#ERROR!
set.-25,10,PRETO,17,LOJA-17,MATRIC-294,7/16/2022,,100,VENDEDOR LOJA,#ERROR!
set.-25,10,PRETO,12,LOJA-12,MATRIC-314,7/18/2022,,100,VENDEDOR LOJA,#ERROR!
set.-25,20,BRANCO,40,LOJA-40,MATRIC-167,7/20/2022,,200,VENDEDOR BALCAO,#ERROR!
set.-25,10,PRETO,3,LOJA-3,MATRIC-469,8/11/2022,,100,VENDEDOR LOJA,#ERROR!
set.-25,10,PRETO,31,LOJA-31,MATRIC-126,8/15/2022,,100,VENDEDOR LOJA,#ERROR!
set.-25,10,PRETO,30,LOJA-30,MATRIC-161,8/15/2022,,100,VENDEDOR LOJA,#ERROR!
set.-25,10,PRETO,54,LOJA-54,MATRIC-79,8/15/2022,,100,VENDEDOR LOJA,#ERROR!
set.-25,10,PRETO,16,LOJA-16,MATRIC-154,9/1/2022,,100,VENDEDOR LOJA,#ERROR!
set.-25,10,PRETO,52,LOJA-52,MATRIC-284,9/1/2022,,150,GERENTE QUIOSQUE,#ERROR!
set.-25,10,PRETO,7,LOJA-7,MATRIC-82,9/10/2022,,100,VENDEDOR LOJA,#ERROR!
set.-25,10,PRETO,13,LOJA-13,MATRIC-437,9/12/2022,,100,VENDEDOR LOJA,#ERROR!
set.-25,10,PRETO,35,LOJA-35,MATRIC-596,9/13/2022,,100,VENDEDOR LOJA,#ERROR!
set.-25,10,PRETO,35,LOJA-35,MATRIC-64,9/13/2022,,100,VENDEDOR LOJA,#ERROR!
set.-25,10,PRETO,44,LOJA-44,MATRIC-222,9/14/2022,,100,VENDEDOR LOJA,#ERROR!
set.-25,40,VERMELHO,36,LOJA-36,MATRIC-189,10/1/2022,,200,VENDEDOR BALCAO,#ERROR!
set.-25,10,PRETO,28,LOJA-28,MATRIC-13,10/11/2022,,100,VENDEDOR LOJA,#ERROR!
set.-25,10,PRETO,2,LOJA-2,MATRIC-568,10/11/2022,,100,VENDEDOR LOJA,#ERROR!
set.-25,10,PRETO,48,LOJA-48,MATRIC-496,11/1/2022,,100,VENDEDOR LOJA,#ERROR!
set.-25,10,PRETO,34,LOJA-34,MATRIC-54,11/1/2022,,100,VENDEDOR LOJA,#ERROR!
set.-25,20,BRANCO,43,LOJA-43,MATRIC-206,11/8/2022,,200,VENDEDOR BALCAO,#ERROR!
set.-25,40,VERMELHO,20,LOJA-20,MATRIC-342,11/14/2022,,200,VENDEDOR BALCAO,#ERROR!
set.-25,10,PRETO,16,LOJA-16,MATRIC-131,11/15/2022,,100,VENDEDOR LOJA,#ERROR!
set.-25,10,PRETO,19,LOJA-19,MATRIC-540,11/16/2022,,100,VENDEDOR LOJA,#ERROR!
set.-25,30,AZUL,47,LOJA-47,MATRIC-160,11/21/2022,,300,ASSISTENTE DE VENDAS,#ERROR!
set.-25,60,CINZA,39,LOJA-39,MATRIC-351,11/21/2022,,200,VENDEDOR BALCAO,#ERROR!
set.-25,10,PRETO,27,LOJA-27,MATRIC-158,1/2/2023,,100,VENDEDOR LOJA,#ERROR!
set.-25,30,AZUL,21,LOJA-21,MATRIC-419,1/4/2023,,300,ASSISTENTE DE VENDAS,#ERROR!
set.-25,10,PRETO,35,LOJA-35,MATRIC-22,1/6/2023,,100,VENDEDOR LOJA,#ERROR!
set.-25,10,PRETO,11,LOJA-11,MATRIC-325,1/9/2023,,100,VENDEDOR LOJA,#ERROR!
set.-25,30,AZUL,46,LOJA-46,MATRIC-462,1/9/2023,,300,ASSISTENTE DE VENDAS,#ERROR!
set.-25,10,PRETO,23,LOJA-23,MATRIC-604,1/12/2023,,100,VENDEDOR LOJA,#ERROR!
set.-25,10,PRETO,13,LOJA-13,MATRIC-480,1/23/2023,,100,VENDEDOR LOJA,#ERROR!
set.-25,10,PRETO,67,LOJA-67,MATRIC-128,2/13/2023,,100,VENDEDOR LOJA,#ERROR!
set.-25,10,PRETO,9,LOJA-9,MATRIC-323,2/13/2023,,100,VENDEDOR LOJA,#ERROR!
set.-25,10,PRETO,53,LOJA-53,MATRIC-418,2/15/2023,,100,VENDEDOR LOJA,#ERROR!
set.-25,30,AZUL,46,LOJA-46,MATRIC-524,2/15/2023,,300,ASSISTENTE DE VENDAS,#ERROR!
set.-25,10,PRETO,16,LOJA-16,MATRIC-318,3/20/2023,,100,VENDEDOR LOJA,#ERROR!
set.-25,10,PRETO,15,LOJA-15,MATRIC-363,4/1/2023,,100,VENDEDOR LOJA,#ERROR!
set.-25,10,PRETO,3,LOJA-3,MATRIC-501,4/1/2023,,100,VENDEDOR LOJA,#ERROR!
set.-25,10,PRETO,9,LOJA-9,MATRIC-263,4/17/2023,,100,VENDEDOR LOJA,#ERROR!
set.-25,10,PRETO,12,LOJA-12,MATRIC-285,4/17/2023,,150,GERENTE DE LOJA,#ERROR!
set.-25,10,PRETO,29,LOJA-29,MATRIC-211,5/8/2023,,100,VENDEDOR LOJA,#ERROR!
set.-25,10,PRETO,34,LOJA-34,MATRIC-157,5/15/2023,,100,VENDEDOR LOJA,#ERROR!
set.-25,10,PRETO,30,LOJA-30,MATRIC-247,5/15/2023,,100,VENDEDOR LOJA,#ERROR!
set.-25,10,PRETO,8,LOJA-8,MATRIC-317,5/15/2023,,100,VENDEDOR LOJA,#ERROR!
set.-25,10,PRETO,52,LOJA-52,MATRIC-320,6/1/2023,,100,VENDEDOR LOJA,#ERROR!
set.-25,30,AZUL,47,LOJA-47,MATRIC-423,6/5/2023,,300,ASSISTENTE DE VENDAS,#ERROR!
set.-25,10,PRETO,2,LOJA-2,MATRIC-431,6/12/2023,,100,VENDEDOR LOJA,#ERROR!
set.-25,10,PRETO,33,LOJA-33,MATRIC-144,7/3/2023,,100,VENDEDOR LOJA,#ERROR!
set.-25,10,PRETO,26,LOJA-26,MATRIC-150,7/3/2023,,100,VENDEDOR LOJA,#ERROR!
set.-25,10,PRETO,14,LOJA-14,MATRIC-278,7/3/2023,,100,VENDEDOR LOJA,#ERROR!
set.-25,10,PRETO,22,LOJA-22,MATRIC-428,7/3/2023,,100,VENDEDOR LOJA,#ERROR!
set.-25,30,AZUL,46,LOJA-46,MATRIC-521,7/3/2023,,300,ASSISTENTE DE VENDAS,#ERROR!
set.-25,20,BRANCO,43,LOJA-43,MATRIC-236,7/10/2023,,200,VENDEDOR BALCAO,#ERROR!
set.-25,10,PRETO,8,LOJA-8,MATRIC-313,7/10/2023,,100,VENDEDOR LOJA,#ERROR!
set.-25,10,PRETO,13,LOJA-13,MATRIC-422,7/10/2023,,150,GERENTE DE LOJA,#ERROR!
set.-25,10,PRETO,31,LOJA-31,MATRIC-52,7/17/2023,,150,GERENTE DE LOJA,#ERROR!
set.-25,10,PRETO,7,LOJA-7,MATRIC-583,7/17/2023,,150,GERENTE DE LOJA,#ERROR!
set.-25,10,PRETO,37,LOJA-37,MATRIC-380,7/18/2023,,100,VENDEDOR LOJA,#ERROR!
set.-25,10,PRETO,24,LOJA-24,MATRIC-15,8/7/2023,,100,VENDEDOR LOJA,#ERROR!
set.-25,10,PRETO,30,LOJA-30,MATRIC-248,8/7/2023,,100,VENDEDOR LOJA,#ERROR!
set.-25,40,VERMELHO,20,LOJA-20,MATRIC-343,8/7/2023,,200,VENDEDOR BALCAO,#ERROR!
set.-25,10,PRETO,10,LOJA-10,MATRIC-377,8/7/2023,,100,VENDEDOR LOJA,#ERROR!
set.-25,10,PRETO,58,LOJA-58,MATRIC-471,8/18/2023,,100,VENDEDOR LOJA,#ERROR!
set.-25,10,PRETO,37,LOJA-37,MATRIC-483,8/18/2023,,100,VENDEDOR LOJA,#ERROR!
set.-25,20,BRANCO,49,LOJA-49,MATRIC-101,9/1/2023,,200,VENDEDOR BALCAO,#ERROR!
set.-25,40,VERMELHO,1,LOJA-1,MATRIC-344,9/1/2023,,200,VENDEDOR BALCAO,#ERROR!
set.-25,10,PRETO,6,LOJA-6,MATRIC-390,9/1/2023,,100,VENDEDOR LOJA,#ERROR!
set.-25,10,PRETO,2,LOJA-2,MATRIC-392,9/1/2023,,100,VENDEDOR LOJA,#ERROR!
set.-25,20,BRANCO,41,LOJA-41,MATRIC-534,9/1/2023,,200,VENDEDOR BALCAO,#ERROR!
set.-25,10,PRETO,7,LOJA-7,MATRIC-107,9/4/2023,,100,VENDEDOR LOJA,#ERROR!
set.-25,10,PRETO,24,LOJA-24,MATRIC-264,9/4/2023,,150,GERENTE DE LOJA,#ERROR!
set.-25,10,PRETO,48,LOJA-48,MATRIC-531,9/11/2023,,100,VENDEDOR LOJA,#ERROR!
set.-25,10,PRETO,61,LOJA-61,MATRIC-143,10/16/2023,,100,VENDEDOR LOJA,#ERROR!
set.-25,10,PRETO,33,LOJA-33,MATRIC-60,10/16/2023,,150,GERENTE DE LOJA,#ERROR!
set.-25,10,PRETO,61,LOJA-61,MATRIC-45,10/20/2023,,100,VENDEDOR LOJA,#ERROR!
set.-25,10,PRETO,4,LOJA-4,MATRIC-545,11/1/2023,,100,VENDEDOR LOJA,#ERROR!
set.-25,10,PRETO,31,LOJA-31,MATRIC-106,11/8/2023,,100,VENDEDOR LOJA,#ERROR!
set.-25,20,BRANCO,51,LOJA-51,MATRIC-103,12/1/2023,,150,GERENTE DE LOJA,#ERROR!
set.-25,20,BRANCO,51,LOJA-51,MATRIC-57,12/1/2023,,200,VENDEDOR BALCAO,#ERROR!
set.-25,10,PRETO,23,LOJA-23,MATRIC-593,12/1/2023,,100,VENDEDOR LOJA,#ERROR!
set.-25,20,BRANCO,51,LOJA-51,MATRIC-184,1/2/2024,,200,VENDEDOR BALCAO,#ERROR!
set.-25,10,PRETO,26,LOJA-26,MATRIC-19,1/2/2024,,100,VENDEDOR LOJA,#ERROR!
set.-25,20,BRANCO,51,LOJA-51,MATRIC-231,1/2/2024,,200,VENDEDOR BALCAO,#ERROR!
set.-25,10,PRETO,13,LOJA-13,MATRIC-461,1/2/2024,,100,VENDEDOR LOJA,#ERROR!
set.-25,10,PRETO,62,LOJA-62,MATRIC-216,1/8/2024,,100,VENDEDOR LOJA,#ERROR!
set.-25,10,PRETO,9,LOJA-9,MATRIC-271,1/8/2024,,100,VENDEDOR LOJA,#ERROR!
set.-25,10,PRETO,67,LOJA-67,MATRIC-32,1/8/2024,,100,VENDEDOR LOJA,#ERROR!
set.-25,10,PRETO,63,LOJA-63,MATRIC-605,1/8/2024,,100,VENDEDOR LOJA,#ERROR!
set.-25,10,PRETO,67,LOJA-67,MATRIC-89,1/8/2024,,100,VENDEDOR LOJA,#ERROR!
set.-25,10,PRETO,62,LOJA-62,MATRIC-226,1/11/2024,,150,GERENTE DE LOJA,#ERROR!
set.-25,10,PRETO,66,LOJA-66,MATRIC-283,1/15/2024,,100,VENDEDOR LOJA,#ERROR!
set.-25,10,PRETO,66,LOJA-66,MATRIC-439,1/15/2024,,150,GERENTE QUIOSQUE,#ERROR!
set.-25,10,PRETO,19,LOJA-19,MATRIC-561,1/15/2024,,100,VENDEDOR LOJA,#ERROR!
set.-25,10,PRETO,64,LOJA-64,MATRIC-597,1/15/2024,,100,VENDEDOR LOJA,#ERROR!
set.-25,10,PRETO,66,LOJA-66,MATRIC-495,1/22/2024,,100,VENDEDOR LOJA,#ERROR!
set.-25,10,PRETO,45,LOJA-45,MATRIC-138,2/1/2024,,100,VENDEDOR LOJA,#ERROR!
set.-25,30,AZUL,47,LOJA-47,MATRIC-525,2/1/2024,,300,ASSISTENTE DE VENDAS,#ERROR!
set.-25,30,AZUL,47,LOJA-47,MATRIC-542,2/1/2024,,300,ASSISTENTE DE VENDAS,#ERROR!
set.-25,10,PRETO,10,LOJA-10,MATRIC-357,2/5/2024,,100,VENDEDOR LOJA,#ERROR!
set.-25,10,PRETO,25,LOJA-25,MATRIC-550,2/5/2024,,100,VENDEDOR LOJA,#ERROR!
set.-25,10,PRETO,16,LOJA-16,MATRIC-262,3/1/2024,,100,VENDEDOR LOJA,#ERROR!
set.-25,10,PRETO,50,LOJA-50,MATRIC-273,3/1/2024,,100,VENDEDOR LOJA,#ERROR!
set.-25,10,PRETO,60,LOJA-60,MATRIC-365,3/1/2024,,100,VENDEDOR LOJA,#ERROR!
set.-25,20,BRANCO,65,LOJA-65,MATRIC-14,3/4/2024,,200,VENDEDOR BALCAO,#ERROR!
set.-25,10,PRETO,38,LOJA-38,MATRIC-393,3/4/2024,,100,VENDEDOR LOJA,#ERROR!
set.-25,10,PRETO,8,LOJA-8,MATRIC-46,3/4/2024,,150,GERENTE DE LOJA,#ERROR!
set.-25,20,BRANCO,65,LOJA-65,MATRIC-73,3/4/2024,,150,GERENTE DE LOJA,#ERROR!
set.-25,10,PRETO,31,LOJA-31,MATRIC-28,3/11/2024,,100,VENDEDOR LOJA,#ERROR!
set.-25,10,PRETO,8,LOJA-8,MATRIC-311,3/11/2024,,100,VENDEDOR LOJA,#ERROR!
set.-25,40,VERMELHO,1,LOJA-1,MATRIC-421,3/11/2024,,200,VENDEDOR BALCAO,#ERROR!
set.-25,10,PRETO,68,LOJA-68,MATRIC-9,3/22/2024,,100,VENDEDOR LOJA,#ERROR!
set.-25,10,PRETO,61,LOJA-61,MATRIC-567,4/1/2024,,150,GERENTE DE LOJA,#ERROR!
set.-25,20,BRANCO,43,LOJA-43,MATRIC-272,4/8/2024,,200,VENDEDOR BALCAO,#ERROR!
set.-25,10,PRETO,58,LOJA-58,MATRIC-321,4/15/2024,,100,VENDEDOR LOJA,#ERROR!
set.-25,40,VERMELHO,36,LOJA-36,MATRIC-196,5/6/2024,,200,VENDEDOR BALCAO,#ERROR!
set.-25,10,PRETO,16,LOJA-16,MATRIC-296,5/6/2024,,100,VENDEDOR LOJA,#ERROR!
set.-25,10,PRETO,50,LOJA-50,MATRIC-30,5/6/2024,,100,VENDEDOR LOJA,#ERROR!
set.-25,40,VERMELHO,20,LOJA-20,MATRIC-395,5/6/2024,,150,GERENTE DE LOJA,#ERROR!
set.-25,10,PRETO,7,LOJA-7,MATRIC-109,6/3/2024,,100,VENDEDOR LOJA,#ERROR!
set.-25,10,PRETO,48,LOJA-48,MATRIC-287,6/3/2024,,100,VENDEDOR LOJA,#ERROR!
set.-25,10,PRETO,6,LOJA-6,MATRIC-510,6/3/2024,,100,VENDEDOR LOJA,#ERROR!
set.-25,10,PRETO,44,LOJA-44,MATRIC-286,6/10/2024,,150,GERENTE DE LOJA,#ERROR!
set.-25,10,PRETO,9,LOJA-9,MATRIC-328,6/10/2024,9/15/2025,100,VENDEDOR LOJA,#ERROR!
set.-25,20,BRANCO,65,LOJA-65,MATRIC-552,6/10/2024,,200,VENDEDOR BALCAO,#ERROR!
set.-25,20,BRANCO,41,LOJA-41,MATRIC-66,6/10/2024,,200,VENDEDOR BALCAO,#ERROR!
set.-25,10,PRETO,27,LOJA-27,MATRIC-98,6/10/2024,,100,VENDEDOR LOJA,#ERROR!
set.-25,10,PRETO,62,LOJA-62,MATRIC-149,7/1/2024,,100,VENDEDOR LOJA,#ERROR!
set.-25,10,PRETO,13,LOJA-13,MATRIC-415,7/1/2024,,100,VENDEDOR LOJA,#ERROR!
set.-25,10,PRETO,2,LOJA-2,MATRIC-440,8/1/2024,,100,VENDEDOR LOJA,#ERROR!
set.-25,10,PRETO,26,LOJA-26,MATRIC-112,8/5/2024,,100,VENDEDOR LOJA,#ERROR!
set.-25,10,PRETO,23,LOJA-23,MATRIC-398,8/5/2024,,150,GERENTE DE LOJA,#ERROR!
set.-25,10,PRETO,23,LOJA-23,MATRIC-601,8/5/2024,,100,VENDEDOR LOJA,#ERROR!
set.-25,10,PRETO,10,LOJA-10,MATRIC-201,8/19/2024,,100,VENDEDOR LOJA,#ERROR!
set.-25,10,PRETO,68,LOJA-68,MATRIC-228,8/19/2024,,100,VENDEDOR LOJA,#ERROR!
set.-25,10,PRETO,54,LOJA-54,MATRIC-281,8/19/2024,,100,VENDEDOR LOJA,#ERROR!
set.-25,30,AZUL,55,LOJA-55,MATRIC-341,8/19/2024,,150,GERENTE DE LOJA,#ERROR!
set.-25,50,AMARELO,59,LOJA-59,MATRIC-172,9/2/2024,9/1/2025,100,VENDEDOR LOJA,#ERROR!
set.-25,10,PRETO,14,LOJA-14,MATRIC-193,9/2/2024,,100,VENDEDOR LOJA,#ERROR!
set.-25,50,AMARELO,59,LOJA-59,MATRIC-205,9/2/2024,,100,VENDEDOR LOJA,#ERROR!
set.-25,10,PRETO,18,LOJA-18,MATRIC-433,9/2/2024,,100,VENDEDOR LOJA,#ERROR!
set.-25,50,AMARELO,59,LOJA-59,MATRIC-443,9/2/2024,,150,GERENTE DE LOJA,#ERROR!
set.-25,10,PRETO,22,LOJA-22,MATRIC-511,9/9/2024,,100,VENDEDOR LOJA,#ERROR!
set.-25,10,PRETO,24,LOJA-24,MATRIC-71,9/9/2024,,100,VENDEDOR LOJA,#ERROR!
set.-25,20,BRANCO,56,LOJA-56,MATRIC-197,9/16/2024,,200,VENDEDOR BALCAO,#ERROR!
set.-25,10,PRETO,14,LOJA-14,MATRIC-224,9/16/2024,,100,VENDEDOR LOJA,#ERROR!
set.-25,10,PRETO,8,LOJA-8,MATRIC-316,9/16/2024,,100,VENDEDOR LOJA,#ERROR!
set.-25,20,BRANCO,41,LOJA-41,MATRIC-456,9/16/2024,,200,VENDEDOR BALCAO,#ERROR!
set.-25,10,PRETO,53,LOJA-53,MATRIC-530,9/16/2024,,100,VENDEDOR LOJA,#ERROR!
set.-25,20,BRANCO,49,LOJA-49,MATRIC-119,10/1/2024,,200,VENDEDOR BALCAO,#ERROR!
set.-25,20,BRANCO,43,LOJA-43,MATRIC-291,10/1/2024,,200,VENDEDOR BALCAO,#ERROR!
set.-25,10,PRETO,18,LOJA-18,MATRIC-382,10/1/2024,,150,GERENTE DE LOJA,#ERROR!
set.-25,50,AMARELO,59,LOJA-59,MATRIC-464,10/1/2024,,100,VENDEDOR LOJA,#ERROR!
set.-25,10,PRETO,32,LOJA-32,MATRIC-86,10/1/2024,,100,VENDEDOR LOJA,#ERROR!
set.-25,30,AZUL,46,LOJA-46,MATRIC-454,10/7/2024,,300,ASSISTENTE DE VENDAS,#ERROR!
set.-25,10,PRETO,24,LOJA-24,MATRIC-587,10/7/2024,,100,VENDEDOR LOJA,#ERROR!
set.-25,40,VERMELHO,69,LOJA-69,MATRIC-70,10/7/2024,,150,GERENTE QUIOSQUE,#ERROR!
set.-25,10,PRETO,29,LOJA-29,MATRIC-102,10/14/2024,,100,VENDEDOR LOJA,#ERROR!
set.-25,10,PRETO,26,LOJA-26,MATRIC-250,10/14/2024,,100,VENDEDOR LOJA,#ERROR!
set.-25,10,PRETO,31,LOJA-31,MATRIC-49,10/14/2024,,100,VENDEDOR LOJA,#ERROR!
set.-25,10,PRETO,74,LOJA-74,MATRIC-535,10/14/2024,,100,VENDEDOR LOJA,#ERROR!
set.-25,10,PRETO,44,LOJA-44,MATRIC-610,10/14/2024,,100,VENDEDOR LOJA,#ERROR!
set.-25,10,PRETO,31,LOJA-31,MATRIC-91,10/14/2024,,100,VENDEDOR LOJA,#ERROR!
set.-25,10,PRETO,72,LOJA-72,MATRIC-504,10/21/2024,,100,VENDEDOR LOJA,#ERROR!
set.-25,40,VERMELHO,69,LOJA-69,MATRIC-253,11/1/2024,,200,VENDEDOR BALCAO,#ERROR!
set.-25,20,BRANCO,56,LOJA-56,MATRIC-326,11/1/2024,,200,VENDEDOR BALCAO,#ERROR!
set.-25,20,BRANCO,57,LOJA-57,MATRIC-401,11/1/2024,,200,VENDEDOR BALCAO,#ERROR!
set.-25,10,PRETO,44,LOJA-44,MATRIC-210,11/4/2024,,100,VENDEDOR LOJA,#ERROR!
set.-25,10,PRETO,60,LOJA-60,MATRIC-348,11/4/2024,,150,GERENTE DE LOJA,#ERROR!
set.-25,10,PRETO,2,LOJA-2,MATRIC-499,11/4/2024,,100,VENDEDOR LOJA,#ERROR!
set.-25,20,BRANCO,40,LOJA-40,MATRIC-508,11/4/2024,,200,VENDEDOR BALCAO,#ERROR!
set.-25,10,PRETO,6,LOJA-6,MATRIC-516,11/4/2024,,100,VENDEDOR LOJA,#ERROR!
set.-25,10,PRETO,60,LOJA-60,MATRIC-180,11/6/2024,,100,VENDEDOR LOJA,#ERROR!
set.-25,20,BRANCO,70,LOJA-70,MATRIC-503,11/11/2024,,200,VENDEDOR BALCAO,#ERROR!
set.-25,10,PRETO,24,LOJA-24,MATRIC-77,11/11/2024,,100,VENDEDOR LOJA,#ERROR!
set.-25,10,PRETO,42,LOJA-42,MATRIC-137,12/2/2024,,150,GERENTE DE LOJA,#ERROR!
set.-25,10,PRETO,11,LOJA-11,MATRIC-148,12/2/2024,,100,VENDEDOR LOJA,#ERROR!
set.-25,10,PRETO,6,LOJA-6,MATRIC-229,12/2/2024,,100,VENDEDOR LOJA,#ERROR!
set.-25,10,PRETO,17,LOJA-17,MATRIC-304,12/2/2024,,100,VENDEDOR LOJA,#ERROR!
set.-25,10,PRETO,71,LOJA-71,MATRIC-430,12/2/2024,,100,VENDEDOR LOJA,#ERROR!
set.-25,10,PRETO,15,LOJA-15,MATRIC-468,12/2/2024,,100,VENDEDOR LOJA,#ERROR!
set.-25,10,PRETO,71,LOJA-71,MATRIC-551,12/2/2024,,100,VENDEDOR LOJA,#ERROR!
set.-25,10,PRETO,15,LOJA-15,MATRIC-120,12/9/2024,,100,VENDEDOR LOJA,#ERROR!
set.-25,30,AZUL,21,LOJA-21,MATRIC-130,12/9/2024,9/14/2025,300,ASSISTENTE DE VENDAS,#ERROR!
set.-25,30,AZUL,46,LOJA-46,MATRIC-474,12/9/2024,,300,ASSISTENTE DE VENDAS,#ERROR!
set.-25,10,PRETO,73,LOJA-73,MATRIC-347,1/2/2025,,150,GERENTE QUIOSQUE,#ERROR!
set.-25,20,BRANCO,70,LOJA-70,MATRIC-39,1/2/2025,,200,VENDEDOR BALCAO,#ERROR!
set.-25,10,PRETO,27,LOJA-27,MATRIC-34,1/6/2025,,100,VENDEDOR LOJA,#ERROR!
set.-25,40,VERMELHO,1,LOJA-1,MATRIC-140,1/13/2025,,150,GERENTE QUIOSQUE,#ERROR!
set.-25,10,PRETO,76,LOJA-76,MATRIC-115,1/20/2025,,100,VENDEDOR LOJA,#ERROR!
set.-25,10,PRETO,42,LOJA-42,MATRIC-547,1/20/2025,,100,VENDEDOR LOJA,#ERROR!
set.-25,10,PRETO,76,LOJA-76,MATRIC-72,1/20/2025,,100,VENDEDOR LOJA,#ERROR!
set.-25,10,PRETO,76,LOJA-76,MATRIC-92,1/20/2025,,150,GERENTE QUIOSQUE,#ERROR!
set.-25,20,BRANCO,65,LOJA-65,MATRIC-141,2/3/2025,,200,VENDEDOR BALCAO,#ERROR!
set.-25,10,PRETO,42,LOJA-42,MATRIC-166,2/3/2025,,100,VENDEDOR LOJA,#ERROR!
set.-25,10,PRETO,63,LOJA-63,MATRIC-169,2/3/2025,,100,VENDEDOR LOJA,#ERROR!
set.-25,10,PRETO,14,LOJA-14,MATRIC-302,2/3/2025,,100,VENDEDOR LOJA,#ERROR!
set.-25,40,VERMELHO,20,LOJA-20,MATRIC-349,2/3/2025,,200,VENDEDOR BALCAO,#ERROR!
set.-25,20,BRANCO,40,LOJA-40,MATRIC-369,2/3/2025,,200,VENDEDOR BALCAO,#ERROR!
set.-25,10,PRETO,4,LOJA-4,MATRIC-432,2/3/2025,,100,VENDEDOR LOJA,#ERROR!
set.-25,10,PRETO,60,LOJA-60,MATRIC-507,2/3/2025,,100,VENDEDOR LOJA,#ERROR!
set.-25,20,BRANCO,57,LOJA-57,MATRIC-12,2/10/2025,,200,VENDEDOR BALCAO,#ERROR!
set.-25,10,PRETO,11,LOJA-11,MATRIC-274,2/10/2025,,100,VENDEDOR LOJA,#ERROR!
set.-25,40,VERMELHO,1,LOJA-1,MATRIC-335,2/10/2025,,200,VENDEDOR BALCAO,#ERROR!
set.-25,10,PRETO,74,LOJA-74,MATRIC-441,2/10/2025,,100,VENDEDOR LOJA,#ERROR!
set.-25,10,PRETO,74,LOJA-74,MATRIC-532,2/10/2025,,100,VENDEDOR LOJA,#ERROR!
set.-25,20,BRANCO,75,LOJA-75,MATRIC-145,2/17/2025,,150,GERENTE QUIOSQUE,#ERROR!
set.-25,10,PRETO,34,LOJA-34,MATRIC-27,2/17/2025,,100,VENDEDOR LOJA,#ERROR!
set.-25,10,PRETO,76,LOJA-76,MATRIC-33,2/17/2025,,100,VENDEDOR LOJA,#ERROR!
set.-25,60,CINZA,39,LOJA-39,MATRIC-364,2/17/2025,,200,VENDEDOR BALCAO,#ERROR!
set.-25,20,BRANCO,75,LOJA-75,MATRIC-450,2/17/2025,,200,VENDEDOR BALCAO,#ERROR!
set.-25,10,PRETO,24,LOJA-24,MATRIC-600,2/17/2025,,100,VENDEDOR LOJA,#ERROR!
set.-25,10,PRETO,28,LOJA-28,MATRIC-202,3/3/2025,,100,VENDEDOR LOJA,#ERROR!
set.-25,10,PRETO,68,LOJA-68,MATRIC-244,3/3/2025,,100,VENDEDOR LOJA,#ERROR!
set.-25,50,AMARELO,59,LOJA-59,MATRIC-261,3/3/2025,,100,VENDEDOR LOJA,#ERROR!
set.-25,10,PRETO,62,LOJA-62,MATRIC-310,3/3/2025,,100,VENDEDOR LOJA,#ERROR!
set.-25,10,PRETO,68,LOJA-68,MATRIC-56,3/3/2025,,150,GERENTE QUIOSQUE,#ERROR!
set.-25,10,PRETO,54,LOJA-54,MATRIC-90,3/3/2025,,150,GERENTE DE LOJA,#ERROR!
set.-25,10,PRETO,7,LOJA-7,MATRIC-99,3/3/2025,,100,VENDEDOR LOJA,#ERROR!
set.-25,20,BRANCO,75,LOJA-75,MATRIC-156,3/10/2025,,200,VENDEDOR BALCAO,#ERROR!
set.-25,10,PRETO,16,LOJA-16,MATRIC-17,3/10/2025,,100,VENDEDOR LOJA,#ERROR!
set.-25,20,BRANCO,56,LOJA-56,MATRIC-383,3/10/2025,,200,VENDEDOR BALCAO,#ERROR!
set.-25,10,PRETO,11,LOJA-11,MATRIC-322,3/12/2025,,100,VENDEDOR LOJA,#ERROR!
set.-25,10,PRETO,26,LOJA-26,MATRIC-163,4/1/2025,,100,VENDEDOR LOJA,#ERROR!
set.-25,10,PRETO,78,LOJA-78,MATRIC-297,4/1/2025,,100,VENDEDOR LOJA,#ERROR!
set.-25,10,PRETO,78,LOJA-78,MATRIC-475,4/1/2025,,100,VENDEDOR LOJA,#ERROR!
set.-25,10,PRETO,66,LOJA-66,MATRIC-512,4/1/2025,,100,VENDEDOR LOJA,#ERROR!
set.-25,10,PRETO,78,LOJA-78,MATRIC-513,4/1/2025,,100,VENDEDOR LOJA,#ERROR!
set.-25,10,PRETO,45,LOJA-45,MATRIC-523,4/1/2025,,100,VENDEDOR LOJA,#ERROR!
set.-25,40,VERMELHO,69,LOJA-69,MATRIC-93,4/1/2025,,200,VENDEDOR BALCAO,#ERROR!
set.-25,10,PRETO,14,LOJA-14,MATRIC-309,4/4/2025,,100,VENDEDOR LOJA,#ERROR!
set.-25,40,VERMELHO,5,LOJA-5,MATRIC-332,4/7/2025,,200,VENDEDOR BALCAO,#ERROR!
set.-25,10,PRETO,60,LOJA-60,MATRIC-554,4/7/2025,,100,VENDEDOR LOJA,#ERROR!
set.-25,10,PRETO,72,LOJA-72,MATRIC-560,4/7/2025,,100,VENDEDOR LOJA,#ERROR!
set.-25,10,PRETO,3,LOJA-3,MATRIC-417,4/14/2025,,100,VENDEDOR LOJA,#ERROR!
set.-25,20,BRANCO,49,LOJA-49,MATRIC-125,4/24/2025,,200,VENDEDOR BALCAO,#ERROR!
set.-25,10,PRETO,50,LOJA-50,MATRIC-116,5/2/2025,,150,GERENTE QUIOSQUE,#ERROR!
set.-25,10,PRETO,77,LOJA-77,MATRIC-173,5/2/2025,,150,GERENTE QUIOSQUE,#ERROR!
set.-25,10,PRETO,30,LOJA-30,MATRIC-175,5/2/2025,,100,VENDEDOR LOJA,#ERROR!
set.-25,10,PRETO,77,LOJA-77,MATRIC-178,5/2/2025,,100,VENDEDOR LOJA,#ERROR!
set.-25,10,PRETO,77,LOJA-77,MATRIC-186,5/2/2025,,100,VENDEDOR LOJA,#ERROR!
set.-25,10,PRETO,77,LOJA-77,MATRIC-243,5/2/2025,,100,VENDEDOR LOJA,#ERROR!
set.-25,10,PRETO,10,LOJA-10,MATRIC-259,5/2/2025,,100,VENDEDOR LOJA,#ERROR!
set.-25,10,PRETO,77,LOJA-77,MATRIC-275,5/2/2025,,100,VENDEDOR LOJA,#ERROR!
set.-25,10,PRETO,32,LOJA-32,MATRIC-3,5/2/2025,,100,VENDEDOR LOJA,#ERROR!
set.-25,10,PRETO,37,LOJA-37,MATRIC-330,5/2/2025,,100,VENDEDOR LOJA,#ERROR!
set.-25,60,CINZA,39,LOJA-39,MATRIC-345,5/2/2025,,200,VENDEDOR BALCAO,#ERROR!
set.-25,20,BRANCO,75,LOJA-75,MATRIC-1,5/5/2025,,200,VENDEDOR BALCAO,#ERROR!
set.-25,10,PRETO,72,LOJA-72,MATRIC-409,5/5/2025,,150,GERENTE QUIOSQUE,#ERROR!
set.-25,10,PRETO,15,LOJA-15,MATRIC-451,5/5/2025,,100,VENDEDOR LOJA,#ERROR!
set.-25,20,BRANCO,79,LOJA-79,MATRIC-129,5/12/2025,,200,VENDEDOR BALCAO,#ERROR!
set.-25,10,PRETO,12,LOJA-12,MATRIC-147,5/12/2025,,100,VENDEDOR LOJA,#ERROR!
set.-25,10,PRETO,19,LOJA-19,MATRIC-412,5/12/2025,,100,VENDEDOR LOJA,#ERROR!
set.-25,10,PRETO,35,LOJA-35,MATRIC-598,5/12/2025,,100,VENDEDOR LOJA,#ERROR!
set.-25,20,BRANCO,79,LOJA-79,MATRIC-7,5/12/2025,,200,VENDEDOR BALCAO,#ERROR!
set.-25,10,PRETO,48,LOJA-48,MATRIC-486,5/13/2025,,100,VENDEDOR LOJA,#ERROR!
set.-25,10,PRETO,44,LOJA-44,MATRIC-217,5/15/2025,,100,VENDEDOR LOJA,#ERROR!
set.-25,10,PRETO,67,LOJA-67,MATRIC-118,6/2/2025,,100,VENDEDOR LOJA,#ERROR!
set.-25,10,PRETO,28,LOJA-28,MATRIC-18,6/2/2025,,100,VENDEDOR LOJA,#ERROR!
set.-25,10,PRETO,31,LOJA-31,MATRIC-25,6/2/2025,,100,VENDEDOR LOJA,#ERROR!
set.-25,10,PRETO,16,LOJA-16,MATRIC-292,6/2/2025,,100,VENDEDOR LOJA,#ERROR!
set.-25,10,PRETO,74,LOJA-74,MATRIC-334,6/2/2025,,100,VENDEDOR LOJA,#ERROR!
set.-25,10,PRETO,33,LOJA-33,MATRIC-37,6/2/2025,,100,VENDEDOR LOJA,#ERROR!
set.-25,30,AZUL,21,LOJA-21,MATRIC-388,6/2/2025,,300,ASSISTENTE DE VENDAS,#ERROR!
set.-25,10,PRETO,6,LOJA-6,MATRIC-389,6/2/2025,,100,VENDEDOR LOJA,#ERROR!
set.-25,10,PRETO,38,LOJA-38,MATRIC-491,6/2/2025,,100,VENDEDOR LOJA,#ERROR!
set.-25,10,PRETO,58,LOJA-58,MATRIC-519,6/2/2025,,100,VENDEDOR LOJA,#ERROR!
set.-25,10,PRETO,71,LOJA-71,MATRIC-528,6/2/2025,,100,VENDEDOR LOJA,#ERROR!
set.-25,10,PRETO,58,LOJA-58,MATRIC-478,6/3/2025,,100,VENDEDOR LOJA,#ERROR!
set.-25,10,PRETO,64,LOJA-64,MATRIC-602,6/3/2025,,100,VENDEDOR LOJA,#ERROR!
set.-25,10,PRETO,17,LOJA-17,MATRIC-171,6/9/2025,,100,VENDEDOR LOJA,#ERROR!
set.-25,10,PRETO,62,LOJA-62,MATRIC-270,6/9/2025,,100,VENDEDOR LOJA,#ERROR!
set.-25,10,PRETO,52,LOJA-52,MATRIC-324,6/9/2025,,100,VENDEDOR LOJA,#ERROR!
set.-25,30,AZUL,55,LOJA-55,MATRIC-564,6/9/2025,,300,ASSISTENTE DE VENDAS,#ERROR!
set.-25,20,BRANCO,70,LOJA-70,MATRIC-574,6/14/2025,,200,VENDEDOR BALCAO,#ERROR!
set.-25,10,PRETO,34,LOJA-34,MATRIC-188,7/1/2025,,100,VENDEDOR LOJA,#ERROR!
set.-25,10,PRETO,72,LOJA-72,MATRIC-346,7/1/2025,,100,VENDEDOR LOJA,#ERROR!
set.-25,10,PRETO,4,LOJA-4,MATRIC-371,7/1/2025,,150,GERENTE DE LOJA,#ERROR!
set.-25,20,BRANCO,41,LOJA-41,MATRIC-40,7/1/2025,,150,GERENTE DE LOJA,#ERROR!
set.-25,10,PRETO,4,LOJA-4,MATRIC-414,7/1/2025,,100,VENDEDOR LOJA,#ERROR!
set.-25,20,BRANCO,40,LOJA-40,MATRIC-425,7/1/2025,,200,VENDEDOR BALCAO,#ERROR!
set.-25,10,PRETO,53,LOJA-53,MATRIC-482,7/1/2025,,100,VENDEDOR LOJA,#ERROR!
set.-25,10,PRETO,71,LOJA-71,MATRIC-488,7/1/2025,,100,VENDEDOR LOJA,#ERROR!
set.-25,10,PRETO,15,LOJA-15,MATRIC-5,7/1/2025,,150,GERENTE DE LOJA,#ERROR!
set.-25,10,PRETO,19,LOJA-19,MATRIC-537,7/1/2025,,100,VENDEDOR LOJA,#ERROR!
set.-25,10,PRETO,61,LOJA-61,MATRIC-582,7/1/2025,,100,VENDEDOR LOJA,#ERROR!
set.-25,10,PRETO,35,LOJA-35,MATRIC-59,7/5/2025,,100,VENDEDOR LOJA,#ERROR!
set.-25,10,PRETO,64,LOJA-64,MATRIC-50,7/11/2025,,100,VENDEDOR LOJA,#ERROR!
set.-25,10,PRETO,12,LOJA-12,MATRIC-571,7/11/2025,,100,VENDEDOR LOJA,#ERROR!
set.-25,10,PRETO,12,LOJA-12,MATRIC-113,7/14/2025,,100,VENDEDOR LOJA,#ERROR!
set.-25,20,BRANCO,57,LOJA-57,MATRIC-426,7/14/2025,,200,VENDEDOR BALCAO,#ERROR!
set.-25,20,BRANCO,70,LOJA-70,MATRIC-55,7/14/2025,,200,VENDEDOR BALCAO,#ERROR!
set.-25,10,PRETO,22,LOJA-22,MATRIC-300,7/24/2025,,100,VENDEDOR LOJA,#ERROR!
set.-25,10,PRETO,73,LOJA-73,MATRIC-376,7/29/2025,,100,VENDEDOR LOJA,#ERROR!
set.-25,10,PRETO,34,LOJA-34,MATRIC-35,8/1/2025,,100,VENDEDOR LOJA,#ERROR!
set.-25,10,PRETO,16,LOJA-16,MATRIC-105,8/4/2025,,100,VENDEDOR LOJA,#ERROR!
set.-25,10,PRETO,63,LOJA-63,MATRIC-135,8/4/2025,,100,VENDEDOR LOJA,#ERROR!
set.-25,10,PRETO,19,LOJA-19,MATRIC-218,8/4/2025,,100,VENDEDOR LOJA,#ERROR!
set.-25,10,PRETO,68,LOJA-68,MATRIC-252,8/4/2025,,100,VENDEDOR LOJA,#ERROR!
set.-25,10,PRETO,42,LOJA-42,MATRIC-256,8/4/2025,,100,VENDEDOR LOJA,#ERROR!
set.-25,10,PRETO,58,LOJA-58,MATRIC-257,8/4/2025,,100,VENDEDOR LOJA,#ERROR!
set.-25,10,PRETO,4,LOJA-4,MATRIC-446,8/4/2025,,100,VENDEDOR LOJA,#ERROR!
set.-25,10,PRETO,73,LOJA-73,MATRIC-449,8/4/2025,,100,VENDEDOR LOJA,#ERROR!
set.-25,10,PRETO,78,LOJA-78,MATRIC-520,8/4/2025,,100,VENDEDOR LOJA,#ERROR!
set.-25,10,PRETO,61,LOJA-61,MATRIC-53,8/4/2025,,100,VENDEDOR LOJA,#ERROR!
set.-25,10,PRETO,38,LOJA-38,MATRIC-543,8/4/2025,,100,VENDEDOR LOJA,#ERROR!
set.-25,40,VERMELHO,69,LOJA-69,MATRIC-580,8/4/2025,,200,VENDEDOR BALCAO,#ERROR!
set.-25,10,PRETO,24,LOJA-24,MATRIC-585,8/4/2025,,100,VENDEDOR LOJA,#ERROR!
set.-25,10,PRETO,23,LOJA-23,MATRIC-608,8/4/2025,,100,VENDEDOR LOJA,#ERROR!
set.-25,10,PRETO,63,LOJA-63,MATRIC-75,8/4/2025,,100,VENDEDOR LOJA,#ERROR!
set.-25,10,PRETO,73,LOJA-73,MATRIC-539,8/9/2025,,100,VENDEDOR LOJA,#ERROR!
set.-25,10,PRETO,54,LOJA-54,MATRIC-219,8/11/2025,,100,VENDEDOR LOJA,#ERROR!
set.-25,30,AZUL,47,LOJA-47,MATRIC-374,8/11/2025,,300,ASSISTENTE DE VENDAS,#ERROR!
set.-25,40,VERMELHO,5,LOJA-5,MATRIC-427,8/11/2025,,200,VENDEDOR BALCAO,#ERROR!
set.-25,10,PRETO,18,LOJA-18,MATRIC-487,8/11/2025,,100,VENDEDOR LOJA,#ERROR!
set.-25,10,PRETO,26,LOJA-26,MATRIC-142,8/15/2025,,100,VENDEDOR LOJA,#ERROR!
set.-25,40,VERMELHO,20,LOJA-20,MATRIC-337,8/15/2025,,200,VENDEDOR BALCAO,#ERROR!
set.-25,20,BRANCO,56,LOJA-56,MATRIC-402,8/15/2025,,200,VENDEDOR BALCAO,#ERROR!
set.-25,10,PRETO,17,LOJA-17,MATRIC-41,8/15/2025,,100,VENDEDOR LOJA,#ERROR!
set.-25,50,AMARELO,59,LOJA-59,MATRIC-434,8/15/2025,,100,VENDEDOR LOJA,#ERROR!
set.-25,10,PRETO,33,LOJA-33,MATRIC-100,8/20/2025,,100,VENDEDOR LOJA,#ERROR!
set.-25,30,AZUL,55,LOJA-55,MATRIC-385,8/22/2025,,300,ASSISTENTE DE VENDAS,#ERROR!
set.-25,20,BRANCO,40,LOJA-40,MATRIC-372,8/26/2025,,200,VENDEDOR BALCAO,#ERROR!
set.-25,20,BRANCO,49,LOJA-49,MATRIC-133,9/1/2025,,200,VENDEDOR BALCAO,#ERROR!
set.-25,10,PRETO,52,LOJA-52,MATRIC-153,9/1/2025,,100,VENDEDOR LOJA,#ERROR!
set.-25,10,PRETO,37,LOJA-37,MATRIC-165,9/2/2025,,100,VENDEDOR LOJA,#ERROR!
set.-25,10,PRETO,24,LOJA-24,MATRIC-177,9/1/2025,,100,VENDEDOR LOJA,#ERROR!
set.-25,10,PRETO,9,LOJA-9,MATRIC-181,9/1/2025,,100,VENDEDOR LOJA,#ERROR!
set.-25,10,PRETO,61,LOJA-61,MATRIC-195,9/8/2025,,100,VENDEDOR LOJA,#ERROR!
set.-25,10,PRETO,63,LOJA-63,MATRIC-199,9/8/2025,,100,VENDEDOR LOJA,#ERROR!
set.-25,40,VERMELHO,69,LOJA-69,MATRIC-245,9/1/2025,,200,VENDEDOR BALCAO,#ERROR!
set.-25,10,PRETO,42,LOJA-42,MATRIC-254,9/1/2025,,100,VENDEDOR LOJA,#ERROR!
set.-25,40,VERMELHO,1,LOJA-1,MATRIC-26,9/8/2025,,200,VENDEDOR BALCAO,#ERROR!
set.-25,10,PRETO,45,LOJA-45,MATRIC-289,9/1/2025,,100,VENDEDOR LOJA,#ERROR!
set.-25,10,PRETO,72,LOJA-72,MATRIC-290,9/1/2025,,100,VENDEDOR LOJA,#ERROR!
set.-25,10,PRETO,17,LOJA-17,MATRIC-305,9/8/2025,,100,VENDEDOR LOJA,#ERROR!
set.-25,10,PRETO,8,LOJA-8,MATRIC-306,9/1/2025,,100,VENDEDOR LOJA,#ERROR!
set.-25,10,PRETO,12,LOJA-12,MATRIC-315,9/1/2025,,100,VENDEDOR LOJA,#ERROR!
set.-25,10,PRETO,73,LOJA-73,MATRIC-333,9/2/2025,,100,VENDEDOR LOJA,#ERROR!
set.-25,20,BRANCO,57,LOJA-57,MATRIC-336,9/2/2025,,200,VENDEDOR BALCAO,#ERROR!
set.-25,10,PRETO,19,LOJA-19,MATRIC-361,9/8/2025,,150,GERENTE DE LOJA,#ERROR!
set.-25,10,PRETO,13,LOJA-13,MATRIC-373,9/1/2025,,100,VENDEDOR LOJA,#ERROR!
set.-25,10,PRETO,18,LOJA-18,MATRIC-381,9/8/2025,,100,VENDEDOR LOJA,#ERROR!
set.-25,30,AZUL,21,LOJA-21,MATRIC-391,9/8/2025,,150,GERENTE DE LOJA,#ERROR!
set.-25,10,PRETO,31,LOJA-31,MATRIC-42,9/1/2025,,100,VENDEDOR LOJA,#ERROR!
set.-25,10,PRETO,53,LOJA-53,MATRIC-470,9/4/2025,,100,VENDEDOR LOJA,#ERROR!
set.-25,10,PRETO,35,LOJA-35,MATRIC-48,9/6/2025,,100,VENDEDOR LOJA,#ERROR!
set.-25,10,PRETO,74,LOJA-74,MATRIC-494,9/10/2025,,100,VENDEDOR LOJA,#ERROR!
set.-25,10,PRETO,22,LOJA-22,MATRIC-497,9/8/2025,,150,GERENTE DE LOJA,#ERROR!
set.-25,10,PRETO,38,LOJA-38,MATRIC-500,9/1/2025,,100,VENDEDOR LOJA,#ERROR!
set.-25,10,PRETO,66,LOJA-66,MATRIC-529,9/1/2025,,100,VENDEDOR LOJA,#ERROR!
set.-25,20,BRANCO,41,LOJA-41,MATRIC-541,9/1/2025,,200,VENDEDOR BALCAO,#ERROR!
set.-25,30,AZUL,55,LOJA-55,MATRIC-546,9/4/2025,,300,ASSISTENTE DE VENDAS,#ERROR!
set.-25,20,BRANCO,65,LOJA-65,MATRIC-575,9/8/2025,,200,VENDEDOR BALCAO,#ERROR!
set.-25,10,PRETO,12,LOJA-12,MATRIC-578,9/1/2025,,100,VENDEDOR LOJA,#ERROR!
set.-25,10,PRETO,17,LOJA-17,MATRIC-58,9/1/2025,,100,VENDEDOR LOJA,#ERROR!
set.-25,10,PRETO,7,LOJA-7,MATRIC-584,9/1/2025,,100,VENDEDOR LOJA,#ERROR!
set.-25,10,PRETO,14,LOJA-14,MATRIC-590,9/1/2025,,150,GERENTE DE LOJA,#ERROR!
set.-25,40,VERMELHO,20,LOJA-20,MATRIC-592,9/8/2025,,150,GERENTE DE LOJA,#ERROR!
set.-25,20,BRANCO,79,LOJA-79,MATRIC-594,9/4/2025,,200,VENDEDOR BALCAO,#ERROR!
set.-25,20,BRANCO,75,LOJA-75,MATRIC-609,9/8/2025,,200,VENDEDOR BALCAO,#ERROR!
set.-25,10,PRETO,76,LOJA-76,MATRIC-62,9/8/2025,,100,VENDEDOR LOJA,#ERROR!
set.-25,10,PRETO,54,LOJA-54,MATRIC-65,9/1/2025,,100,VENDEDOR LOJA,#ERROR!
set.-25,20,BRANCO,65,LOJA-65,MATRIC-85,9/1/2025,,200,VENDEDOR BALCAO,#ERROR!